{
  "ckpt": "code/results/il_runs/concat_lr0.0003_1777577508/best.pt",
  "n_episodes": 20,
  "SR": 0.0,
  "SPL": 0.0,
  "avg_final_dist": 5.865227150917053,
  "per_scene": {
    "skokloster-castle": {
      "n": 9,
      "SR": 0.0,
      "SPL": 0.0
    },
    "van-gogh-room": {
      "n": 11,
      "SR": 0.0,
      "SPL": 0.0
    }
  },
  "results": [
    {
      "episode_id": "1",
      "scene_id": "skokloster-castle",
      "instruction": "Move south about 11 meters to reach the goal.",
      "T_taken": 35,
      "geo_dist": 11.762749671936035,
      "path_length": 0.9673306047916412,
      "final_dist": 10.956001281738281,
      "success": false,
      "spl": 0.0,
      "actions": [
        2,
        2,
        2,
        2,
        2,
        2,
        1,
        1,
        1,
        1,
        1,
        1,
        1,
        1,
        1,
        1,
        1,
        1,
        1,
        1,
        1,
        1,
        1,
        1,
        1,
        1,
        1,
        1,
        1,
        1,
        1,
        1,
        1,
        1,
        0
      ]
    },
    {
      "episode_id": "5",
      "scene_id": "skokloster-castle",
      "instruction": "Walk backward for about 15 meters in the castle.",
      "T_taken": 26,
      "geo_dist": 15.135223388671875,
      "path_length": 2.8348422534763813,
      "final_dist": 16.524314880371094,
      "success": false,
      "spl": 0.0,
      "actions": [
        3,
        3,
        3,
        3,
        3,
        3,
        3,
        1,
        1,
        1,
        1,
        1,
        1,
        1,
        1,
        1,
        1,
        1,
        1,
        1,
        1,
        1,
        1,
        1,
        1,
        0
      ]
    },
    {
      "episode_id": "8",
      "scene_id": "skokloster-castle",
      "instruction": "Walk northeast for about 7 meters in the castle.",
      "T_taken": 37,
      "geo_dist": 8.041374206542969,
      "path_length": 7.7525835037231445,
      "final_dist": 9.13904094696045,
      "success": false,
      "spl": 0.0,
      "actions": [
        2,
        2,
        2,
        2,
        2,
        1,
        1,
        1,
        1,
        1,
        1,
        1,
        1,
        1,
        1,
        1,
        1,
        1,
        1,
        1,
        1,
        1,
        1,
        1,
        1,
        1,
        1,
        1,
        1,
        1,
        1,
        1,
        1,
        1,
        1,
        1,
        0
      ]
    },
    {
      "episode_id": "17",
      "scene_id": "skokloster-castle",
      "instruction": "Walk south for about 11 meters in the castle.",
      "T_taken": 26,
      "geo_dist": 12.42297649383545,
      "path_length": 4.755190402269363,
      "final_dist": 13.062897682189941,
      "success": false,
      "spl": 0.0,
      "actions": [
        2,
        2,
        3,
        3,
        3,
        3,
        1,
        1,
        1,
        1,
        1,
        1,
        1,
        1,
        1,
        1,
        1,
        1,
        1,
        1,
        1,
        1,
        1,
        1,
        1,
        0
      ]
    },
    {
      "episode_id": "18",
      "scene_id": "skokloster-castle",
      "instruction": "Head southeast and proceed approximately 9 meters.",
      "T_taken": 60,
      "geo_dist": 9.605506896972656,
      "path_length": 12.781704559922218,
      "final_dist": 8.421014785766602,
      "success": false,
      "spl": 0.0,
      "actions": [
        3,
        3,
        3,
        3,
        3,
        3,
        3,
        1,
        1,
        1,
        1,
        1,
        1,
        1,
        1,
        1,
        1,
        1,
        1,
        1,
        1,
        1,
        1,
        1,
        1,
        1,
        1,
        1,
        1,
        1,
        1,
        1,
        1,
        1,
        1,
        1,
        1,
        1,
        1,
        1,
        1,
        1,
        1,
        1,
        1,
        1,
        1,
        1,
        1,
        1,
        1,
        1,
        1,
        1,
        1,
        1,
        1,
        1,
        1,
        0
      ]
    },
    {
      "episode_id": "22",
      "scene_id": "skokloster-castle",
      "instruction": "Head north and proceed approximately 11 meters.",
      "T_taken": 82,
      "geo_dist": 11.658830642700195,
      "path_length": 14.68058608006686,
      "final_dist": 3.2330353260040283,
      "success": false,
      "spl": 0.0,
      "actions": [
        3,
        3,
        3,
        3,
        3,
        1,
        1,
        1,
        1,
        1,
        1,
        1,
        1,
        1,
        1,
        1,
        1,
        1,
        1,
        1,
        1,
        1,
        1,
        1,
        1,
        1,
        1,
        1,
        1,
        1,
        1,
        1,
        1,
        1,
        1,
        1,
        1,
        1,
        1,
        1,
        1,
        1,
        1,
        1,
        1,
        1,
        1,
        1,
        1,
        1,
        1,
        1,
        1,
        1,
        1,
        1,
        1,
        1,
        1,
        1,
        1,
        1,
        1,
        1,
        1,
        1,
        1,
        1,
        1,
        1,
        1,
        1,
        1,
        1,
        1,
        1,
        1,
        1,
        1,
        1,
        1,
        0
      ]
    },
    {
      "episode_id": "42",
      "scene_id": "skokloster-castle",
      "instruction": "Navigate behind-left until you have moved roughly 14 meters.",
      "T_taken": 26,
      "geo_dist": 14.726262092590332,
      "path_length": 0.27243928238749504,
      "final_dist": 13.552618026733398,
      "success": false,
      "spl": 0.0,
      "actions": [
        2,
        2,
        2,
        2,
        2,
        2,
        2,
        2,
        2,
        2,
        2,
        2,
        2,
        2,
        1,
        2,
        1,
        1,
        1,
        1,
        1,
        1,
        1,
        1,
        1,
        0
      ]
    },
    {
      "episode_id": "46",
      "scene_id": "skokloster-castle",
      "instruction": "In the castle, go northeast for around 11 meters.",
      "T_taken": 69,
      "geo_dist": 11.013952255249023,
      "path_length": 15.45072728395462,
      "final_dist": 7.537858486175537,
      "success": false,
      "spl": 0.0,
      "actions": [
        2,
        2,
        2,
        2,
        2,
        2,
        1,
        1,
        1,
        1,
        1,
        1,
        1,
        1,
        1,
        1,
        1,
        1,
        1,
        1,
        1,
        1,
        1,
        1,
        1,
        1,
        1,
        1,
        1,
        1,
        1,
        1,
        1,
        1,
        1,
        1,
        1,
        1,
        1,
        1,
        1,
        1,
        1,
        1,
        1,
        1,
        1,
        1,
        1,
        1,
        1,
        1,
        1,
        1,
        1,
        1,
        1,
        1,
        1,
        1,
        1,
        1,
        1,
        1,
        1,
        1,
        1,
        1,
        0
      ]
    },
    {
      "episode_id": "47",
      "scene_id": "skokloster-castle",
      "instruction": "Go south approximately 9 meters.",
      "T_taken": 35,
      "geo_dist": 9.633940696716309,
      "path_length": 6.610322262626141,
      "final_dist": 9.457096099853516,
      "success": false,
      "spl": 0.0,
      "actions": [
        2,
        2,
        2,
        1,
        1,
        1,
        1,
        1,
        1,
        1,
        1,
        1,
        1,
        1,
        1,
        1,
        1,
        1,
        1,
        1,
        1,
        1,
        1,
        1,
        1,
        1,
        1,
        1,
        1,
        1,
        1,
        1,
        1,
        1,
        0
      ]
    },
    {
      "episode_id": "0",
      "scene_id": "van-gogh-room",